<?xml version="1.0" encoding="UTF-8" standalone="yes"?>
<features xmlns="http://karaf.apache.org/xmlns/features/v1.4.0" name="framework-4.0.5">
    <feature name="framework" description="Karaf core feature" hidden="true" version="4.0.5">
        <details>The Apache Software Foundation provides support for the Apache community of open-source software projects.
    The Apache projects are characterized by a collaborative, consensus based development process, an open and
    pragmatic software license, and a desire to create high quality software that leads the way in its field.
    We consider ourselves not simply a group of projects sharing a server, but rather a community of developers
    and users.</details>
        <bundle start-level="5" start="true">mvn:org.ops4j.pax.url/pax-url-aether/2.4.7</bundle>
        <bundle start-level="8" start="true">mvn:org.ops4j.pax.logging/pax-logging-api/1.8.5</bundle>
        <bundle start-level="8" start="true">mvn:org.ops4j.pax.logging/pax-logging-service/1.8.5</bundle>
        <bundle start-level="10" start="true">mvn:org.apache.felix/org.apache.felix.configadmin/1.8.8</bundle>
        <bundle start-level="11" start="true">mvn:org.apache.felix/org.apache.felix.fileinstall/3.5.4</bundle>
        <bundle start-level="15" start="true">mvn:org.apache.karaf.features/org.apache.karaf.features.core/4.0.5</bundle>
        <bundle start-level="20" start="true">mvn:org.apache.sshd/sshd-core/0.14.0</bundle>
    </feature>
</features>
